{"cameraMode":{"drawMode":0,"name":"Shaded","section":"Shading Mode"},"sceneLighting":false,"audioPlay":false,"sceneViewState":{"showFog":true,"showMaterialUpdate":true,"showSkybox":true,"showFlares":true,"showImageEffects":true,"showParticleSystems":true},"in2DMode":false,"pivot":{"x":1815.74267578125,"y":1057.630615234375,"z":16.525390625},"rotation":{"x":-0.032716814428567889,"y":-0.021425019949674608,"z":0.00019498962501529604,"w":-0.9997997283935547},"size":2631.60205078125,"orthographic":true}