{"cameraMode":{"drawMode":0,"name":"Shaded","section":"Shading Mode"},"sceneLighting":false,"audioPlay":false,"sceneViewState":{"showFog":true,"showMaterialUpdate":true,"showSkybox":false,"showFlares":true,"showImageEffects":true,"showParticleSystems":true},"in2DMode":false,"pivot":{"x":-19.64572525024414,"y":1.427734613418579,"z":3.0952749252319338},"rotation":{"x":0.5309922099113464,"y":0.10218165069818497,"z":-0.06468028575181961,"w":0.8389090299606323},"size":7.098870754241943,"orthographic":true}