{"cameraMode":{"drawMode":0,"name":"Shaded","section":"Shading Mode"},"sceneLighting":false,"audioPlay":false,"sceneViewState":{"showFog":true,"showMaterialUpdate":true,"showSkybox":false,"showFlares":true,"showImageEffects":true,"showParticleSystems":true},"in2DMode":false,"pivot":{"x":-23.5,"y":1.8750004768371583,"z":4.000000476837158},"rotation":{"x":0.010252084583044052,"y":0.9514495134353638,"z":-0.3062424957752228,"w":0.03167542815208435},"size":21.472856521606447,"orthographic":true}