{"cameraMode":{"drawMode":0,"name":"Shaded","section":"Shading Mode"},"sceneLighting":false,"audioPlay":false,"sceneViewState":{"showFog":true,"showMaterialUpdate":true,"showSkybox":false,"showFlares":true,"showImageEffects":true,"showParticleSystems":true},"in2DMode":false,"pivot":{"x":-0.7175545692443848,"y":1.2011168003082276,"z":-0.5001184940338135},"rotation":{"x":-0.06963688880205155,"y":0.362921804189682,"z":-0.026957936584949495,"w":-0.9294076561927795},"size":3.7914111614227297,"orthographic":false}